Image,Predicted ID
Gir_107.jpg,31
Gir_108.jpg,1
Gir_109.jpg,27
Gir_110.jpg,30
Gir_111.png,24
Gir_112.jpg,28
Gir_113.jpg,29
Gir_114.jpg,26
Gir_115.jpg,21
Gir_116.jpg,25
Gir_117.jpg,22
Gir_118.jpg,17
Gir_119.jpg,7
Gir_120.jpg,19
Gir_121.png,6
Gir_122.jpg,18
Gir_123.png,20
Gir_124.jpg,13
Gir_125.jpg,12
Gir_126.jpg,15
Gir_127.jpg,10
Gir_128.jpg,14
Gir_129.jpg,9
Gir_130.jpg,4
Gir_131.jpg,5
Gir_132.jpg,3
Gir_133.jpg,8
Gir_134.jpg,2
Gir_135.jpg,56
Gir_136.jpg,55
Gir_137.jpg,45
Gir_138.jpg,53
Gir_139.jpg,47
Gir_140.jpg,52
Gir_141.jpg,51
Gir_142.jpg,48
Gir_143.jpg,46
Gir_144.jpg,50
Gir_145.jpg,44
Gir_146.jpg,39
Gir_147.jpg,37
Gir_148.jpg,38
Gir_149.jpg,40
Gir_15.png,23
Gir_150.jpg,43
Gir_151.jpg,41
Gir_152.jpg,42
Gir_153.jpg,35
Gir_154.jpg,34
Gir_155.png,32
Gir_156.jpg,89
Gir_157.jpg,85
Gir_158.jpg,87
Gir_159.jpg,86
Gir_16.png,16
Gir_160.jpg,90
Gir_161.jpg,88
Gir_162.jpg,91
Gir_163.png,11
Gir_164.jpg,84
Gir_165.jpg,83
Gir_166.jpg,80
Gir_167.jpg,82
Gir_168.jpg,78
Gir_169.jpg,76
Gir_17.png,79
Gir_170.jpg,75
Gir_171.jpg,74
Gir_172.jpg,77
Gir_173.jpg,72
Gir_174.png,57
Gir_175.jpg,70
Gir_176.jpg,69
Gir_177.jpg,68
Gir_178.jpg,65
Gir_179.jpg,66
Gir_18.jpg,61
Gir_180.jpg,63
Gir_181.jpg,62
Gir_182.jpg,67
Gir_183.jpg,60
Gir_184.jpg,58
Gir_185.png,54
Gir_186.jpg,94
Gir_187.jpg,117
Gir_188.jpg,111
Gir_189.jpg,112
Gir_19.png,49
Gir_190.jpg,114
Gir_191.jpg,113
Gir_192.jpg,116
Gir_193.png,115
Gir_194.png,36
Gir_195.jpg,110
Gir_196.png,33
Gir_197.jpg,108
Gir_198.jpg,107
Gir_199.jpg,101
Gir_20.png,92
Gir_200.jpg,102
Gir_201.jpg,99
Gir_202.jpg,103
Gir_203.jpg,100
Gir_204.jpg,104
Gir_205.jpg,105
Gir_206.jpg,98
Gir_207.png,81
Gir_208.jpg,96
Gir_209.jpg,133
Gir_21.jpg,152
Gir_210.jpg,95
Gir_211.jpg,135
Gir_212.jpg,151
Gir_213.jpg,134
Gir_214.jpg,150
Gir_215.jpg,132
Gir_216.jpg,149
Gir_217.jpg,138
Gir_218.jpg,146
Gir_219.jpg,145
Gir_22.jpg,148
Gir_221.jpg,141
Gir_222.jpg,142
Gir_223.jpg,140
Gir_224.jpg,144
Gir_225.jpg,143
Gir_226.jpg,139
Gir_227.jpg,131
Gir_228.jpg,130
Gir_229.jpg,128
Gir_23.png,73
Gir_230.jpg,123
Gir_231.jpg,124
Gir_232.jpg,125
Gir_233.jpg,126
Gir_234.jpg,122
Gir_235.jpg,127
Gir_236.png,71
Gir_237.jpg,121
Gir_238.jpg,119
Gir_239.jpg,176
Gir_24.png,64
Gir_240.jpg,179
Gir_241.jpg,178
Gir_243.jpg,184
Gir_244.jpg,181
Gir_245.jpg,185
Gir_246.jpg,182
Gir_247.jpg,183
Gir_248.jpg,180
Gir_249.jpg,177
Gir_25.jpg,174
Gir_250.jpg,172
Gir_251.jpg,169
Gir_252.jpg,170
Gir_253.jpg,168
Gir_254.jpg,167
Gir_255.jpg,166
Gir_256.jpg,171
Gir_257.jpg,165
Gir_258.jpg,164
Gir_259.jpg,156
Gir_26.jpg,162
Gir_260.jpg,157
Gir_261.jpg,155
Gir_262.jpg,159
Gir_263.jpg,160
Gir_264.jpg,158
Gir_265.jpg,161
Gir_266.jpg,153
Gir_267.jpg,212
Gir_268.jpg,211
Gir_269.jpg,208
Gir_27.png,59
Gir_270.jpg,205
Gir_271.jpg,207
Gir_272.jpg,206
Gir_273.jpg,209
Gir_274.jpg,204
Gir_275.jpg,203
Gir_276.jpg,202
Gir_277.jpg,201
Gir_278.jpg,197
Gir_279.jpg,199
Gir_28.jpg,194
Gir_280.jpg,195
Gir_281.jpg,191
Gir_282.jpeg,192
Gir_283.png,196
Gir_284.jpg,193
Gir_285.jpg,190
Gir_286.jpg,187
Gir_287.jpg,231
Gir_288.jpg,242
Gir_289.jpg,243
Gir_29.jpg,239
Gir_290.jpg,240
Gir_291.jpg,241
Gir_292.jpg,244
Gir_293.jpg,245
Gir_294.jpg,238
Gir_295.jpg,236
Gir_296.jpg,232
Gir_297.jpg,235
Gir_298.jpg,233
Gir_299.jpg,225
Gir_30.jpg,226
Gir_300.jpg,227
Gir_301.jpg,228
Gir_302.jpg,229
Gir_303.jpg,224
Gir_304.jpg,223
Gir_305.jpg,222
Gir_306.jpg,216
Gir_307.jpg,217
Gir_308.jpg,219
Gir_309.jpg,215
Gir_31.jpeg,214
Gir_310.jpg,218
Gir_311.png,118
Gir_312.png,109
Gir_313.jpg,220
Gir_314.png,106
Gir_315.png,97
Gir_316.png,93
Gir_317.png,136
Gir_318.png,147
Gir_319.jpg,213
Gir_32.jpg,271
Gir_320.png,137
Gir_321.png,129
Gir_322.png,120
Gir_323.jpg,268
Gir_324.png,186
Gir_325.jpg,270
Gir_326.png,267
Gir_327.png,175
Gir_328.png,173
Gir_329.jpg,263
Gir_33.jpg,264
Gir_330.png,163
Gir_331.png,154
Gir_332.png,189
Gir_333.jpg,261
Gir_334.png,210
Gir_335.jpg,262
Gir_336.png,200
Gir_337.png,198
Gir_338.jpeg,266
Gir_339.png,188
Gir_34.jpg,260
Gir_340.jpg,259
Gir_341.png,237
Gir_342.png,234
Gir_343.png,230
Gir_344.png,221
Gir_345.png,272
Gir_346.png,269
Gir_347.jpg,255
Gir_348.png,258
Gir_349.jpg,256
Gir_35.png,253
Gir_350.jpg,252
Gir_351.png,265
Gir_352.jpg,254
Gir_353.png,257
Gir_354.png,250
Gir_355.png,246
Gir_356.png,326
Gir_357.png,325
Gir_358.jpg,251
Gir_359.png,305
Gir_36.png,306
Gir_360.png,308
Gir_361.jpg,249
Gir_362.png,316
Gir_363.png,248
Gir_365.jpg,247
Gir_366.jpg,302
Gir_367.png,300
Gir_368.png,288
Gir_369.png,274
Gir_37.jpg,310
Gir_370.png,361
Gir_371.jpg,303
Gir_372.png,357
Gir_373.png,350
Gir_374.png,346
Gir_375.png,337
Gir_376.jpg,328
Gir_38.jpeg,304
Gir_39.jpg,301
Gir_40.png,327
Gir_41.jpg,309
Gir_42.jpg,307
Gir_43.png,314
Gir_44.jpg,296
Gir_45.jpg,323
Gir_46.jpg,297
Gir_47.jpg,324
Gir_48.jpg,298
Gir_49.jpg,299
Gir_50.jpg,295
Gir_51.jpg,322
Gir_52.jpg,289
Gir_53.jpg,321
Gir_54.jpg,287
Gir_55.jpg,284
Gir_56.png,319
Gir_58.jpg,285
Gir_59.jpg,286
Gir_60.jpg,283
Gir_61.jpg,320
Gir_62.png,318
Gir_63.jpg,317
Gir_64.jpg,313
Gir_65.jpg,315
Gir_66.jpg,312
Gir_67.jpg,294
Gir_68.jpg,292
Gir_69.jpg,293
Gir_70.png,311
Gir_71.jpg,291
Gir_72.jpg,290
Gir_73.jpg,282
Gir_74.jpg,279
Gir_75.png,276
Gir_76.jpg,278
Gir_77.jpg,280
Gir_78.png,329
Gir_80.jpg,277
Gir_81.jpg,281
Gir_82.jpg,275
Gir_83.jpg,273
Gir_84.jpg,360
Gir_85.jpg,359
Gir_86.jpg,356
Gir_87.jpg,384
Gir_88.jpg,354
Gir_89.png,382
Gir_90.jpg,355
Gir_91.jpg,353
Gir_92.png,358
Gir_93.jpg,352
Gir_94.jpg,351
Gir_95.jpg,347
Gir_96.jpg,348
Gir_97.jpeg,349
Gir_98.jpg,345
Gir_99.jpg,344
Jersey_1.jpg,343
Jersey_10.jpg,341
Jersey_100.jpg,342
Jersey_101.jpg,340
Jersey_102.jpg,339
Jersey_103.jpg,334
Jersey_104.jpg,332
Jersey_105.jpg,331
Jersey_106.jpg,335
Jersey_107.jpg,336
Jersey_108.jpg,333
Jersey_109.jpg,338
Jersey_11.jpg,330
Jersey_110.jpg,386
Jersey_111.jpg,385
Jersey_112.jpg,380
Jersey_113.jpg,376
Jersey_114.jpg,379
Jersey_115.jpg,381
Jersey_116.jpg,378
Jersey_117.jpg,377
Jersey_118.jpg,383
Jersey_119.jpg,375
Jersey_12.jpg,363
Jersey_120.jpg,364
Jersey_121.jpg,371
Jersey_122.jpg,369
Jersey_123.jpg,368
Jersey_124.jpg,372
Jersey_125.jpg,370
Jersey_126.jpg,365
Jersey_127.jpg,367
Jersey_128.jpg,373
Jersey_129.jpg,366
Jersey_13.jpg,374
Jersey_130.jpg,437
Jersey_131.jpg,442
Jersey_132.jpg,438
Jersey_133.jpg,439
Jersey_134.jpg,436
Jersey_135.jpg,362
Jersey_136.jpg,440
Jersey_137.jpg,452
Jersey_138.jpg,441
Jersey_139.jpg,447
Jersey_14.jpg,411
Jersey_140.jpg,410
Jersey_141.jpg,415
Jersey_142.jpg,412
Jersey_143.jpg,413
Jersey_144.jpg,446
Jersey_145.jpg,414
Jersey_146.jpg,455
Jersey_147.jpg,445
Jersey_148.jpg,453
Jersey_149.jpg,420
Jersey_15.jpg,419
Jersey_150.jpg,422
Jersey_151.jpg,416
Jersey_152.jpg,421
Jersey_153.jpg,466
Jersey_154.jpg,417
Jersey_155.jpg,418
Jersey_156.jpg,448
Jersey_157.jpg,443
Jersey_158.jpg,424
Jersey_159.jpg,427
Jersey_16.jpg,428
Jersey_160.jpg,426
Jersey_161.jpg,425
Jersey_162.jpg,465
Jersey_163.jpg,450
Jersey_164.jpg,429
Jersey_165.jpg,451
Jersey_166.jpg,423
Jersey_167.jpg,432
Jersey_168.jpg,433
Jersey_169.jpg,464
Jersey_17.jpg,430
Jersey_170.jpg,435
Jersey_171.jpg,434
Jersey_172.jpg,449
Jersey_173.jpg,431
Jersey_174.jpg,444
Jersey_175.jpg,454
Jersey_176.jpg,460
Jersey_177.jpg,459
Jersey_178.jpg,462
Jersey_179.jpg,461
Jersey_18.jpg,463
Jersey_180.jpg,458
Jersey_181.jpg,457
Jersey_182.jpg,456
Jersey_183.jpg,387
Jersey_184.jpg,409
Jersey_185.jpg,406
Jersey_186.jpg,407
Jersey_187.jpg,405
Jersey_188.jpg,408
Jersey_189.jpg,402
Jersey_19.jpg,401
Jersey_190.jpg,404
Jersey_191.jpg,403
Jersey_192.jpg,400
Jersey_193.jpg,399
Jersey_194.jpg,394
Jersey_195.jpg,395
Jersey_196.jpg,397
Jersey_197.jpg,393
Jersey_198.jpg,396
Jersey_199.jpg,390
Jersey_2.jpg,398
Jersey_20.jpg,392
Jersey_200.jpg,391
Jersey_201.jpg,389
Jersey_202.jpg,511
Jersey_203.jpg,507
Jersey_21.jpg,513
Jersey_22.jpg,508
Jersey_23.jpg,509
Jersey_24.jpg,388
Jersey_25.jpg,515
Jersey_26.jpg,510
Jersey_27.jpg,517
Jersey_28.jpg,512
Jersey_29.jpg,500
Jersey_3.jpg,501
Jersey_30.jpg,522
Jersey_31.jpg,524
Jersey_32.jpg,499
Jersey_33.jpg,523
Jersey_34.jpg,497
Jersey_35.jpg,514
Jersey_36.jpg,506
Jersey_37.jpg,498
Jersey_38.jpg,521
Jersey_39.jpg,504
Jersey_4.jpg,505
Jersey_40.jpg,503
Jersey_41.jpg,516
Jersey_42.jpg,520
Jersey_43.jpg,519
Jersey_44.jpg,502
Jersey_45.jpg,518
Jersey_46.jpg,475
Jersey_47.jpg,492
Jersey_48.jpg,494
Jersey_49.jpg,495
Jersey_5.jpg,496
Jersey_50.jpg,493
Jersey_51.jpg,467
Jersey_52.jpg,490
Jersey_53.jpg,491
Jersey_54.jpg,489
Jersey_55.jpg,474
Jersey_56.jpg,471
Jersey_57.jpg,487
Jersey_58.jpg,488
Jersey_59.jpg,470
Jersey_6.jpg,469
Jersey_60.jpg,468
Jersey_61.jpg,472
Jersey_62.jpg,486
Jersey_63.jpg,485
Jersey_64.jpg,473
Jersey_65.jpg,482
Jersey_66.jpg,483
Jersey_67.jpg,484
Jersey_68.jpg,481
Jersey_69.jpg,476
Jersey_7.jpg,478
Jersey_70.jpg,480
Jersey_71.jpg,479
Jersey_72.jpg,477
Jersey_73.jpg,541
Jersey_74.jpg,535
Jersey_75.jpg,537
Jersey_76.jpg,534
Jersey_77.jpg,536
Jersey_78.jpg,540
Jersey_79.jpg,553
Jersey_8.jpg,538
Jersey_80.jpg,539
Jersey_81.jpg,552
Jersey_82.jpg,543
Jersey_83.jpg,546
Jersey_84.jpg,548
Jersey_85.jpg,547
Jersey_86.jpg,549
Jersey_87.jpg,545
Jersey_88.jpg,542
Jersey_89.jpg,528
Jersey_9.jpg,529
Jersey_90.jpg,551
Jersey_91.jpg,544
Jersey_92.jpg,525
Jersey_93.jpg,532
Jersey_94.jpg,527
Jersey_95.jpg,533
Jersey_96.jpg,526
Jersey_97.jpg,531
Jersey_98.jpg,550
Jersey_99.jpg,530
